{
  "version": "2024.2",
  "applications": [],
  "platforms": [
    {
      "name": "MainBlock_wrapper"
    }
  ],
  "systems": [
    {
      "name": "MeshImporter_system",
      "platform": "D:/VitisWorkspace/MainBlock_wrapper/export/MainBlock_wrapper/MainBlock_wrapper.xpfm",
      "sysConfig": "MainBlock_wrapper",
      "buildConfig": "Debug",
      "applications": [
        {
          "name": "MeshImporter",
          "platform": "D:/VitisWorkspace/MainBlock_wrapper/export/MainBlock_wrapper/MainBlock_wrapper.xpfm",
          "platformPath": "D:\\VitisWorkspace\\MainBlock_wrapper\\export\\MainBlock_wrapper",
          "sysConfig": "MainBlock_wrapper",
          "domain": "standalone_ps7_cortexa9_0",
          "system": "MeshImporter_system"
        }
      ],
      "platformPath": "D:\\VitisWorkspace\\MainBlock_wrapper\\export\\MainBlock_wrapper"
    },
    {
      "name": "Renderer_system",
      "platform": "D:/VitisWorkspace/MainBlock_wrapper/export/MainBlock_wrapper/MainBlock_wrapper.xpfm",
      "sysConfig": "MainBlock_wrapper",
      "buildConfig": "Release",
      "applications": [
        {
          "name": "Renderer",
          "platform": "D:/VitisWorkspace/MainBlock_wrapper/export/MainBlock_wrapper/MainBlock_wrapper.xpfm",
          "platformPath": "D:\\VitisWorkspace\\MainBlock_wrapper\\export\\MainBlock_wrapper",
          "sysConfig": "MainBlock_wrapper",
          "domain": "standalone_ps7_cortexa9_0",
          "system": "Renderer_system"
        }
      ],
      "platformPath": "D:\\VitisWorkspace\\MainBlock_wrapper\\export\\MainBlock_wrapper"
    }
  ],
  "others": []
}